{"loss": [0.9726295471191406, 0.2937717139720917, 0.17172181606292725, 0.11837752163410187, 0.08341184258460999, 0.07370415329933167, 0.060386016964912415, 0.05067878216505051, 0.043540552258491516, 0.038440145552158356], "accuracy": [0.7128814458847046, 0.9052706360816956, 0.9442634582519531, 0.961206316947937, 0.9721886515617371, 0.975986897945404, 0.9809374809265137, 0.984209418296814, 0.9862294793128967, 0.9874528646469116], "val_loss": [0.3318597078323364, 0.2256343960762024, 0.17407956719398499, 0.13342450559139252, 0.12615378201007843, 0.09969472140073776, 0.13075318932533264, 0.11357349157333374, 0.08789686858654022, 0.11996161937713623], "val_accuracy": [0.8936375975608826, 0.9292055368423462, 0.9438310861587524, 0.9556680917739868, 0.9591964483261108, 0.9694400429725647, 0.9632369875907898, 0.965627133846283, 0.9731959700584412, 0.9682449102401733]}